cruise,cast,niskin,dilution,mu0_HL,mu0_std_HL,g_HL,g_std_HL,kNoN_HL,kNoN_std_HL,muN_HL,muN_std_HL,mu0_LL,mu0_std_LL,g_LL,g_std_LL,kNoN_LL,kNoN_std_LL,muN_LL,muN_std_LL
en617,1',13-14-15',0.211436950146628,NaN,NaN,0.241237408421719,0.0360158609113315,NaN,NaN,0,0,NaN,NaN,-0.362579506550537,0.0358536645950275,NaN,NaN,1.45870343037372,0.035017162482175
en617,14',20-21-22-23-24',0.255526657997399,NaN,NaN,0.132959024828866,0.0502221838384946,NaN,NaN,0,0,NaN,NaN,0.495400906453498,0.0257985360996767,NaN,NaN,0,0
en617,18',19-20',0.244855967078189,NaN,NaN,0.122295729913829,0.0498682085342759,NaN,NaN,0,0,NaN,NaN,NaN,NaN,NaN,NaN,NaN,NaN
en617,21',14-15',0.364759725400458,NaN,NaN,NaN,NaN,NaN,NaN,NaN,NaN,NaN,NaN,0,0,NaN,NaN,0.13323852088062,0.0411138954537877
en617,21',17-18',0.489849955869373,NaN,NaN,NaN,NaN,NaN,NaN,NaN,NaN,NaN,NaN,-1.1502420083425,0.0375694849394353,NaN,NaN,0.702528753027188,0.0271001672399124
en617,21',19-21-23-24',0.283687943262412,NaN,NaN,-0.323267910179006,0.0241759068273397,NaN,NaN,0.654907385291186,0.0142831566185317,NaN,NaN,-0.222689714858083,0.021621439700446,NaN,NaN,0.997923015868289,0.0269388192646466
en617,5',17-18-19-20',0.248876909254268,NaN,NaN,0.150812224339508,0.00594761996689932,NaN,NaN,0,0,NaN,NaN,0.264419042236625,0.0159587193964522,NaN,NaN,0,0
en617,8',17-18-19-20',0.183189655172414,NaN,NaN,0.234556605731543,0.00602788520000228,NaN,NaN,0,0,NaN,NaN,0.230050541263654,0.00949572426237557,NaN,NaN,0,0
