cruise,cast,niskin,dilution,mu0_HL,mu0_std_HL,g_HL,g_std_HL,kNoN_HL,kNoN_std_HL,muN_HL,muN_std_HL,mu0_LL,mu0_std_LL,g_LL,g_std_LL,kNoN_LL,kNoN_std_LL,muN_LL,muN_std_LL
en627,11-12',11-12',0.312258064516129,0.467269063554706,0.0557353610767248,0.29660817227325,0.131462235734812,NaN,NaN,NaN,NaN,0.287148296339621,0.110967521767881,0,0,NaN,NaN,NaN,NaN
en627,18-19',11-12',0.163102101543612,0.405935208298619,0.0954078706900263,0.442067682237017,0.148040292512428,-0.0361324739383985,0.0954078706900263,0,0,0.346625891552953,0.110547208541704,0.235099761579021,0.0917459577687945,NaN,NaN,NaN,NaN
en627,23-24',11-12',0.16826886103207,0.417555236781578,0.138038350827755,0.412917452684366,0.102737158046796,NaN,NaN,NaN,NaN,0.492706719725603,0.169476268863999,0.569213034140478,0.103482550469075,NaN,NaN,NaN,NaN
en627,25',1-2',0.538750866079382,NaN,NaN,NaN,NaN,NaN,NaN,NaN,NaN,NaN,NaN,NaN,NaN,NaN,NaN,NaN,NaN
en627,25',5-6',0.508751710725348,NaN,NaN,NaN,NaN,NaN,NaN,NaN,NaN,0.24782087655951,0.152580629488127,-0.349238381051396,0.1588451135969,NaN,NaN,NaN,NaN
en627,25',9-10-11',0.219319406662218,0.444516052440802,0.128995200617673,0.36324874415761,0.0862254022171373,NaN,NaN,NaN,NaN,0.511763110048523,0.104801905923374,0.470156482972019,0.0748252197404096,NaN,NaN,NaN,NaN
en627,3',8-10-11',0.121937792458024,0.13485076117618,0.152916520538606,0,0,NaN,NaN,NaN,NaN,0.0950339005219737,0.138380331285128,0,0,NaN,NaN,NaN,NaN
en627,30',1-2-3-4',0.333322258032362,NaN,NaN,0,0,NaN,NaN,-0.177225555184732,0.143309163437552,NaN,NaN,NaN,NaN,NaN,NaN,NaN,NaN
en627,8',9-10-11',0.164817179770126,0.0524428823829768,0.108357907564919,0.20311742235248,0.0812441203679476,NaN,NaN,NaN,NaN,0.0428868630587687,0.180421570944197,0,0,NaN,NaN,NaN,NaN
