cruise,cast,niskin,dilution,mu0_HL,mu0_std_HL,g_HL,g_std_HL,kNoN_HL,kNoN_std_HL,muN_HL,muN_std_HL,mu0_LL,mu0_std_LL,g_LL,g_std_LL,kNoN_LL,kNoN_std_LL,muN_LL,muN_std_LL,T3kNoN_LL
en627,11-12',11-12',0.312258064516129,NaN,NaN,-0.300886219075868,0.0641953523314972,NaN,NaN,0.290214363257929,0.0713449464725844,NaN,NaN,0,0,NaN,NaN,0.295619163423034,0.0489421753643242,0
en627,18-19',11-12',0.163102101543612,NaN,NaN,-0.392508551049498,0.118071636301285,NaN,NaN,0.450783391564675,0.122278118779262,NaN,NaN,-0.182093990666151,0.0633120685815752,NaN,NaN,0.342920331335506,0.0782681528600772,0
en627,23-24',11-12',0.16826886103207,NaN,NaN,0,0,NaN,NaN,0.117989367904695,0.142873335344704,NaN,NaN,0.295268240540047,0.126480323140961,NaN,NaN,0,0,0
en627,25',1-2',0.538750866079382,NaN,NaN,NaN,NaN,NaN,NaN,NaN,NaN,NaN,NaN,0,0,NaN,NaN,0.104417518920274,0.22501995378897,0
en627,25',5-6',0.508751710725348,NaN,NaN,NaN,NaN,NaN,NaN,NaN,NaN,NaN,NaN,0,0,NaN,NaN,0.347205268928117,0.0958601327833218,0
en627,25',9-10-11',0.219319406662218,NaN,NaN,0,0,NaN,NaN,0.21132844243786,0.165671309369428,NaN,NaN,0,0,NaN,NaN,0.363761569804362,0.0631273811403359,0
en627,3',8-10-11',0.121937792458024,NaN,NaN,0,0,NaN,NaN,0.376285938443599,0.0693127629984646,NaN,NaN,0,0,NaN,NaN,0.254817664637978,0.126132456432295,0
en627,30',1-2-3-4',0.333322258032362,NaN,NaN,NaN,NaN,NaN,NaN,NaN,NaN,NaN,NaN,NaN,NaN,0,NaN,NaN,NaN,NaN
en627,8',9-10-11',0.164817179770126,NaN,NaN,0,0,NaN,NaN,-0.0228053275202797,0.0640669219941061,NaN,NaN,0,0,NaN,NaN,-0.0433496400900748,0.1443901056148,0
