cruise,cast,niskin,dilution,mu0_HL,mu0_std_HL,g_HL,g_std_HL,kNoN_HL,kNoN_std_HL,muN_HL,muN_std_HL,mu0_LL,mu0_std_LL,g_LL,g_std_LL,kNoN_LL,kNoN_std_LL,muN_LL,muN_std_LL,T3kNoN_LL
en649,1',16-17-18',0.172068046902859,0.321402607135785,0.166693294747069,0.242971477080195,0.0848011733676376,NaN,NaN,NaN,NaN,0.197330609403842,0.101517471135975,0,0,NaN,NaN,NaN,NaN,0
en649,12',22-23-24',0.247108097327483,-0.0479518326668757,0.443663159556667,0,0,NaN,NaN,NaN,NaN,0.2415982961321,0.269393324784643,-0.715906748800239,0.240647831040773,NaN,NaN,NaN,NaN,0
en649,16',14-15',0.452511306831707,NaN,NaN,NaN,NaN,NaN,NaN,NaN,NaN,0.242620913519985,0.109975729440719,-0.377569337556566,0.0971220668577358,NaN,NaN,NaN,NaN,0
en649,16',22-23-24',0.258183628593951,0.466500065465159,0.144735625474413,0.280434723242167,0.0970105656729512,NaN,NaN,NaN,NaN,0.336504609528815,0.181320482881655,0,0,NaN,NaN,NaN,NaN,0
en649,16',9-10',0.420231907237105,NaN,NaN,NaN,NaN,NaN,NaN,NaN,NaN,-0.0180075697273337,0.16063054883779,0,0,-0.0180075697273337,0.16063054883779,0.253840587440863,0.156996141893412,0
en649,19',22-23-24',0.307726864330638,NaN,NaN,NaN,NaN,NaN,NaN,NaN,NaN,NaN,NaN,NaN,NaN,0,NaN,NaN,NaN,NaN
en649,21',22-23-24',0.185441047584678,0.434972228050844,0.248021545835843,0,0,NaN,NaN,NaN,NaN,1.46644491303308,0.315953813181778,1.22059068742114,0.284571329252336,NaN,NaN,NaN,NaN,0
en649,5',16-17-18',0.277475262017683,0.642073995817815,0.137014500856596,0.482533950723241,0.0861695181941355,NaN,NaN,NaN,NaN,0.663029105220851,0.114707670128024,0.45537364464965,0.0781497743346332,NaN,NaN,NaN,NaN,0
en649,8',21-22-23',0.203433015958161,0.0326684287327084,0.261553681563007,0,0,NaN,NaN,NaN,NaN,0.152965968587743,0.19186839014389,0,0,NaN,NaN,NaN,NaN,0
