cruise,cast,niskin,dilution,mu0_HL,mu0_std_HL,g_HL,g_std_HL,kNoN_HL,kNoN_std_HL,muN_HL,muN_std_HL,mu0_LL,mu0_std_LL,g_LL,g_std_LL,kNoN_LL,kNoN_std_LL,muN_LL,muN_std_LL
en644,1',20-21-22',0.243256578947368,0.255252375049629,0.583749096699697,0,0,NaN,NaN,NaN,NaN,1.52904748450002,0.392540312543359,0.592041296084982,0.236797530746647,NaN,NaN,NaN,NaN
en644,13',21-22-23',0.159501557632399,NaN,NaN,NaN,NaN,NaN,NaN,NaN,NaN,NaN,NaN,NaN,NaN,NaN,NaN,NaN,NaN
en644,17',15-17',0.148244473342002,NaN,NaN,NaN,NaN,NaN,NaN,NaN,NaN,0.186396749820265,0.0551461957371663,-0.960078859809932,0.0759736493272425,0.186396749820265,0.0551461957371663,0.270315821814937,0.0103892053941364
en644,17',19-20-21',0.212041884816754,1.47685910700621,0.0352696793078187,1.29980308797578,0.0331509988655012,0.177056019030426,0.0352696793078187,0,0,2.46532150601939,0.0156857811805113,1.0584242777195,0.0385766285093651,1.40689722829988,0.0156857811805113,0,0
en644,17',8-12',0.227210884353742,NaN,NaN,NaN,NaN,NaN,NaN,NaN,NaN,-0.120673787144348,0.0273234250588331,0,0,NaN,NaN,NaN,NaN
en644,2',18-19-20',0.190149253731343,0.794328727507339,0.0817225432248496,0.611026987829594,0.10114982221255,0.183301739677745,0.0817225432248496,0,0,1.69178152442558,0.0761714801327619,0.78796513049356,0.209063221481009,0.903816393932025,0.0761714801327619,0,0
en644,23',21-22-23',0.162978953049109,3.50857818684325,0.255095021782086,4.31751635201312,0.228309094836354,NaN,NaN,NaN,NaN,2.18675294344491,0.277302231435587,3.17430458608133,0.340075629134222,-0.987551642636413,0.277302231435587,0,0
en644,7',20-21-22',0.207608695652174,1.33440679133361,0.546843431175663,1.79483432724612,0.300818591483071,NaN,NaN,NaN,NaN,1.02282829183353,0.251950343546126,0.984902778317131,0.0725761933237349,0.0379255135164023,0.251950343546126,0,0
en644,9',21-22-23',0.251666666666667,-0.202187835429211,0.174594932612342,0,0,-0.202187835429211,0.174594932612342,0.579777384418859,0.151744699186685,1.06027115933189,0.105304139615706,-0.505772611773305,0.154382104992477,1.06027115933189,0.105304139615706,1.27125588372029,0.109169213935235
