cruise,cast,niskin,dilution,mu0_HL,mu0_std_HL,g_HL,g_std_HL,kNoN_HL,kNoN_std_HL,muN_HL,muN_std_HL,mu0_LL,mu0_std_LL,g_LL,g_std_LL,kNoN_LL,kNoN_std_LL,muN_LL,muN_std_LL
en644,1',20-21-22',0.243256578947368,1.22505913216859,0.991201005476824,0,0,NaN,NaN,NaN,NaN,1.37672937009211,0.709428795572208,0,0,NaN,NaN,NaN,NaN
en644,13',21-22-23',0.159501557632399,0.541132861974798,0.210410300388438,0.445282269847717,0.129533671084896,NaN,NaN,NaN,NaN,0.999930311931759,0.0666777015489912,0.127771529376275,0.0572777827333837,0.872158782555484,0.0666777015489912,0,0
en644,17',15-17',0.148244473342002,NaN,NaN,NaN,NaN,NaN,NaN,NaN,NaN,0.265821331308645,0.131677486371126,-0.433085046115537,0.109590330100592,NaN,NaN,NaN,NaN
en644,17',19-20-21',0.212041884816754,0.269602151928296,0.213301094168362,0.143646572272221,0.040724594003778,0.125955579656075,0.213301094168362,0,0,1.28332631069882,0.0769322154712132,-0.203865804763392,0.0783664223989426,1.28332631069882,0.0769322154712132,1.40878385489289,0.0313705833529861
en644,17',8-12',0.227210884353742,NaN,NaN,NaN,NaN,NaN,NaN,NaN,NaN,-0.078729236653453,0.209637057094415,0,0,NaN,NaN,NaN,NaN
en644,2',18-19-20',0.190149253731343,0.606117313418819,0.128055418101553,0.374980553432601,0.120538960959217,0.231136759986218,0.128055418101553,0,0,1.28958004728671,0.0421871563301776,0.314749263529226,0.102951609658818,0.974830783757482,0.0421871563301776,0,0
en644,23',21-22-23',0.162978953049109,-0.952578852637653,0.46950576389627,0,0,NaN,NaN,NaN,NaN,0.0295447077542787,0.136757915598609,0.200325871684462,0.0538896156824919,-0.170781163930183,0.136757915598609,0,0
en644,7',20-21-22',0.207608695652174,0.323127456349095,0.0405239037897546,0.26894431895425,0.0536653901937269,0.0541831373948449,0.0405239037897546,0,0,0.360331551958517,0.0351431169208654,0.125344907330771,0.0404181550823408,0.234986644627746,0.0351431169208654,0,0
en644,9',21-22-23',0.251666666666667,0.00186585298425522,0.127764526312625,0,0,0.00186585298425522,0.127764526312625,0.400704424081686,0.107423411236511,0.713665789968668,0.0417279508071515,0,0,0.713665789968668,0.0417279508071515,0.831043771496261,0.0443427198235916
