cruise,cast,niskin,dilution,mu0_HL,mu0_std_HL,g_HL,g_std_HL,kNoN_HL,kNoN_std_HL,muN_HL,muN_std_HL,mu0_LL,mu0_std_LL,g_LL,g_std_LL,kNoN_LL,kNoN_std_LL,muN_LL,muN_std_LL
en649,1',16-17-18',0.172068046902859,0.116198562416641,0.169577692834405,0.237581340881117,0.10586604347978,NaN,NaN,NaN,NaN,0.336471440069835,0.166722265780374,0.460991577031084,0.118988458305797,NaN,NaN,NaN,NaN
en649,12',22-23-24',0.247108097327483,0.137475549002728,0.137746165842272,0,0,NaN,NaN,NaN,NaN,0.260923069145791,0.138132334396566,0,0,NaN,NaN,NaN,NaN
en649,16',14-15',0.452511306831707,NaN,NaN,NaN,NaN,NaN,NaN,NaN,NaN,-0.0292223826067849,0.102617546273095,-0.407198762702997,0.0874691492446663,NaN,NaN,NaN,NaN
en649,16',22-23-24',0.258183628593951,0.264538385946536,0.145539635558402,-0.301141267488861,0.0998762579685469,NaN,NaN,NaN,NaN,0.312129592401524,0.145807891229742,0,0,NaN,NaN,NaN,NaN
en649,16',9-10',0.420231907237105,NaN,NaN,NaN,NaN,NaN,NaN,NaN,NaN,0.162406795757277,0.214332288764211,-0.584666052372468,0.174044681495213,NaN,NaN,NaN,NaN
en649,19',22-23-24',0.307726864330638,0.0657315984688582,0.101809504927189,-0.598790013404486,0.152380449183057,NaN,NaN,NaN,NaN,0.299367572792954,0.271700505890222,-0.543083442999493,0.18140037963267,NaN,NaN,NaN,NaN
en649,21',22-23-24',0.185441047584678,0.638875264434752,0.184352293998046,0.650804447657172,0.0962732168876019,NaN,NaN,NaN,NaN,0.346348268576001,0.149300555946605,0.364906284540404,0.133232819882657,NaN,NaN,NaN,NaN
en649,5',16-17-18',0.277475262017683,0.0607577394909573,0.104612474276815,0,0,NaN,NaN,NaN,NaN,0.123228237396166,0.107858702021026,0,0,NaN,NaN,NaN,NaN
en649,8',21-22-23',0.203433015958161,0.23261654041985,0.193901116143201,0,0,NaN,NaN,NaN,NaN,0.512389216001743,0.0695229214065705,0.149897397089829,0.0408621364030528,NaN,NaN,NaN,NaN
