cruise,cast,niskin,dilution,mu0_HL,mu0_std_HL,g_HL,g_std_HL,kNoN_HL,kNoN_std_HL,muN_HL,muN_std_HL,mu0_LL,mu0_std_LL,g_LL,g_std_LL,kNoN_LL,kNoN_std_LL,muN_LL,muN_std_LL
en657,1',17-18-19-20',0.201719994941191,0.226143843858682,0.0887962804925833,0.185335280810096,0.0619894674462391,NaN,NaN,NaN,NaN,0.253052538727976,0.0734242753244032,0.158535697445028,0.0556779889851352,NaN,NaN,NaN,NaN
en657,12',10-11',0.277166686812522,NaN,NaN,NaN,NaN,NaN,NaN,NaN,NaN,0.662122764349944,0.0688553225432534,0,0,0.662122764349944,0.0688553225432534,0.738156911948627,0.0565991717608764
en657,12',15-16',0.17131167797029,NaN,NaN,NaN,NaN,NaN,NaN,NaN,NaN,0.260345277580324,0.174185967945834,0.201608243288827,0.0803186717555758,0.0587370342914969,0.174185967945834,0,0
en657,12',21-22-23',0.271619430935211,0.55865315949955,0.123951529035359,0,0,0.55865315949955,0.123951529035359,0.76518152013333,0.0507177973694,1.06170784532375,0.325321371082245,0.479551144195935,0.214782966437464,NaN,NaN,NaN,NaN
en657,15',21-22-23',0.200073710485316,0.625133184486978,0.0693924556868323,0.217955680964823,0.0605807990472136,NaN,NaN,NaN,NaN,0.751888788870448,0.0922469152232736,0.336862515872384,0.0550852541814663,NaN,NaN,NaN,NaN
en657,17',21-22-23',0.133352302366387,0.627797342565735,0.177001680364233,0.6427644624779,0.105612421190221,NaN,NaN,NaN,NaN,0.793925641883881,0.236752984662731,0.920250914558188,0.213256559915294,NaN,NaN,NaN,NaN
en657,5',17-18-19-20',NaN,NaN,NaN,NaN,NaN,NaN,NaN,NaN,NaN,NaN,NaN,NaN,NaN,NaN,NaN,NaN,NaN
en657,6',20-21-22',0.185434337525592,0.444892275446379,0.114226380128459,0.303821924172597,0.0920746253292757,0.141070351273782,0.114226380128459,0,0,0.483111699116891,0.222053697008995,0,0,NaN,NaN,NaN,NaN
en657,9',21-22-23',0.239386884579929,0.4400163658499,0.101718033324477,-0.722223886549442,0.238552727398926,NaN,NaN,NaN,NaN,0.237605140637394,0.445701376374354,0,0,NaN,NaN,NaN,NaN
