cruise,cast,niskin,dilution,mu0_HL,mu0_std_HL,g_HL,g_std_HL,kNoN_HL,kNoN_std_HL,muN_HL,muN_std_HL,mu0_LL,mu0_std_LL,g_LL,g_std_LL,kNoN_LL,kNoN_std_LL,muN_LL,muN_std_LL
en655,1',19-20-21',0.252388145437525,0.287569328359395,0.190837247566672,-0.267804536696933,0.101872879860969,0.287569328359395,0.190837247566672,0.528012432029614,0.114314112510977,0.517119188365671,0.104487079829881,-0.44977893546323,0.0513311670773788,0.517119188365671,0.104487079829881,0.956679201068326,0.0492184550509155
en655,12',21-22-23',0.218155893536122,0.682184435529423,0.293435531999689,0,0,NaN,NaN,NaN,NaN,1.19298478086563,0.27271969196945,0.392869996987096,0.153528148077613,NaN,NaN,NaN,NaN
en655,2',18-19-20',0.17246840663873,-0.0443836246648761,0.235034842261967,0,0,-0.0443836246648761,0.235034842261967,0.57927750914294,0.205878573597455,0.520241348700741,0.266321814048335,0.395289788619476,0.112451508044272,0.124951560081264,0.266321814048335,0,0
en655,7',21-22-23',0.20716849634501,0.405337252264657,0.178010108980631,0,0,0.405337252264657,0.178010108980631,1.15395359682144,0.196034832897937,0.740243857993124,0.240988326922822,0,0,0.740243857993124,0.240988326922822,1.26878313226397,0.0862449647350743
