cruise,cast,niskin,dilution,mu0_HL,mu0_std_HL,g_HL,g_std_HL,kNoN_HL,kNoN_std_HL,muN_HL,muN_std_HL,mu0_LL,mu0_std_LL,g_LL,g_std_LL,kNoN_LL,kNoN_std_LL,muN_LL,muN_std_LL,T3kNoN_LL
en657,1',17-18-19-20',0.201719994941191,0.374875292701863,0.114579735180121,0.269168496474846,0.0718448064461889,NaN,NaN,NaN,NaN,0.409024829833793,0.136646777442139,0.274253068641682,0.0829323797544207,NaN,NaN,NaN,NaN,0
en657,12',10-11',0.277166686812522,NaN,NaN,NaN,NaN,NaN,NaN,NaN,NaN,0.444856826079047,0.182451026691414,-0.593971348326924,0.137425819777011,0.444856826079047,0.182451026691414,0.707660599485498,0.178437197552226,0
en657,12',15-16',0.17131167797029,NaN,NaN,NaN,NaN,NaN,NaN,NaN,NaN,NaN,NaN,NaN,NaN,0,NaN,NaN,NaN,NaN
en657,12',21-22-23',0.271619430935211,1.04660906623886,0.118664953467438,0,0,NaN,NaN,NaN,NaN,0.568519073809446,0.0439560392043619,-0.630192248762157,0.0805036792148031,0.568519073809446,0.0439560392043619,1.37794972763929,0.0939535629866911,0
en657,15',21-22-23',0.200073710485316,1.18657105927563,0.138707511349391,0.889426733924951,0.0893847028030088,NaN,NaN,NaN,NaN,0.702577463201571,0.100294943584169,0.490593463401659,0.124957163067496,0.211983999799912,0.100294943584169,0,0,0
en657,17',21-22-23',0.133352302366387,1.1933098347137,0.1315909442813,0,0,NaN,NaN,NaN,NaN,1.211414947343,0.186083611771032,-0.385467207605961,0.115284668403232,1.211414947343,0.186083611771032,1.41130462059238,0.0876124953006944,0
en657,5',17-18-19-20',NaN,NaN,0.166771615167522,NaN,0,0.0052542228741123,0.166771615167522,0,0,NaN,0.0190040157476311,NaN,0,0.253011596313104,0.0190040157476311,0,0,0
en657,6',20-21-22',0.185434337525592,0.110162861644643,0.113137795448637,0,0,0.110162861644643,0.113137795448637,0.563395840265812,0.0687038245784235,0.251007936615278,0.070901349727846,0,0,0.251007936615278,0.070901349727846,0.553305789184704,0.122140446423973,0
en657,9',21-22-23',0.239386884579929,0.436058359136831,0.31079402501352,0,0,0.436058359136831,0.31079402501352,0.814751273139599,0.260586789093429,0.545341572709984,0.127843337871562,0,0,0.545341572709984,0.127843337871562,0.746133016947506,0.0744370435368284,0
