cruise,cast,niskin,dilution,mu0_HL,mu0_std_HL,g_HL,g_std_HL,kNoN_HL,kNoN_std_HL,muN_HL,muN_std_HL,mu0_LL,mu0_std_LL,g_LL,g_std_LL,kNoN_LL,kNoN_std_LL,muN_LL,muN_std_LL
en655,1',19-20-21',0.252388145437525,0.48380687243076,0.141551851292714,0,0,0.48380687243076,0.141551851292714,1.02835603634608,0.221763824566674,0.683566512205898,0.104837863302535,0,0,0.683566512205898,0.104837863302535,1.20758902591802,0.215247858554677
en655,12',21-22-23',0.218155893536122,1.24363745561753,0.0805157390752108,0.539592622812391,0.208566132183413,0.704044832805141,0.0805157390752108,0,0,1.08385607052313,0.21255298443118,0.318527004693857,0.132875891927024,0.765329065829273,0.21255298443118,0,0
en655,2',18-19-20',0.17246840663873,0.329913682380889,0.243389580489983,0,0,0.329913682380889,0.243389580489983,0.953356261235345,0.108706276664712,0.553599242882695,0.187183428619425,0,0,0.553599242882695,0.187183428619425,1.17895432572558,0.186751684728226
en655,7',21-22-23',0.20716849634501,0.363516282840862,0.149969430422263,0,0,0.363516282840862,0.149969430422263,1.18229583373785,0.219617361361575,0.482673898327568,0.273007158032572,0,0,0.482673898327568,0.273007158032572,1.31615817345102,0.210816167953255
