cruise,cast,niskin,dilution,mu0_HL,mu0_std_HL,g_HL,g_std_HL,kNoN_HL,kNoN_std_HL,muN_HL,muN_std_HL,mu0_LL,mu0_std_LL,g_LL,g_std_LL,kNoN_LL,kNoN_std_LL,muN_LL,muN_std_LL
en657,1',17-18-19-20',0.201719994941191,0.0135034052450689,0.111457082193281,0,0,NaN,NaN,NaN,NaN,0.0734120825423748,0.105957029160879,0,0,NaN,NaN,NaN,NaN
en657,12',10-11',0.277166686812522,NaN,NaN,NaN,NaN,NaN,NaN,NaN,NaN,0.729546174987118,0.0404653871371394,-0.126038120002292,0.0293184641138216,NaN,NaN,NaN,NaN
en657,12',15-16',0.17131167797029,NaN,NaN,NaN,NaN,NaN,NaN,NaN,NaN,NaN,NaN,NaN,NaN,NaN,NaN,NaN,NaN
en657,12',21-22-23',0.271619430935211,0.520276015727485,0.06201941212613,0.0860208270042019,0.0237385789943942,0.434255188723284,0.06201941212613,0,0,0.925400707440033,0.00948063066365393,0.475965780108522,0.0258772515481847,0.449434927331511,0.00948063066365393,0,0
en657,15',21-22-23',0.200073710485316,0.512784118755477,0.0331192168083008,0.0782674249197958,0.0219828428677705,NaN,NaN,NaN,NaN,0.651971463383835,0.0221642820639839,0.246684400830128,0.0278190310812136,0.405287062553707,0.0221642820639839,0,0
en657,17',21-22-23',0.133352302366387,0.340457956735551,0.0289307815010903,0.62548260170816,0.025319133382834,-0.285024644972608,0.0289307815010903,0,0,0.608822916004824,0.0670870852052581,1.06914225370164,0.0322675920807456,-0.460319337696819,0.0670870852052581,0,0
en657,5',17-18-19-20',NaN,NaN,NaN,NaN,NaN,NaN,NaN,NaN,NaN,NaN,NaN,NaN,NaN,NaN,NaN,NaN,NaN
en657,6',20-21-22',0.185434337525592,0.577834853706866,0.0442753084921028,0.419373607373691,0.058805777577769,0.158461246333175,0.0442753084921028,0,0,0.375882663830216,0.0321946686398079,0.16726246544028,0.0702707857914333,0.208620198389936,0.0321946686398079,0,0
en657,9',21-22-23',0.239386884579929,0.378984414703915,0.172932649273325,-0.918845086252024,0.265721840902743,NaN,NaN,NaN,NaN,0.0306415544838688,0.0554811232479462,0,0,0.0306415544838688,0.0554811232479462,0.258793079908907,0.0294472023483097
