cruise,cast,niskin,dilution,mu0_HL,mu0_std_HL,g_HL,g_std_HL,kNoN_HL,kNoN_std_HL,muN_HL,muN_std_HL,mu0_LL,mu0_std_LL,g_LL,g_std_LL,kNoN_LL,kNoN_std_LL,muN_LL,muN_std_LL
en661,1',17-18-19-20',0.21237492457409,NaN,0.208063598609907,NaN,0,0.701875875473692,0.208063598609907,0,0,1.94452582053003,0.478499438642331,3.77079557944627,0.605087244767555,NaN,NaN,NaN,NaN
en661,10',10-11',0.287274399356248,NaN,NaN,NaN,NaN,NaN,NaN,NaN,NaN,0.146232650112256,0.292670030023695,0,0,NaN,NaN,NaN,NaN
en661,10',15-16',0.19527069654415,NaN,NaN,NaN,NaN,NaN,NaN,NaN,NaN,0.353254956817084,0.172154929763546,0,0,NaN,NaN,NaN,NaN
en661,10',21-22-23',0.229606835728219,0.866164504267819,0.163556956731722,0.732355628678151,0.0945010341389931,NaN,NaN,NaN,NaN,0.786898638030668,0.112778573218301,0.194401006068446,0.0791555871946708,NaN,NaN,NaN,NaN
en661,12',16-17-18-19',0.222950166822886,2.96547464890497,0.602765348517843,-4.55755863070029,0.487181107718008,NaN,NaN,NaN,NaN,1.87560730155778,0.456526760989824,-3.24341365304892,0.719985108994396,NaN,NaN,NaN,NaN
en661,13',16-17',0.238222680533258,-0.157657896524884,0.462651348725455,-0.948509460376154,0.350778395425379,NaN,NaN,NaN,NaN,NaN,NaN,NaN,NaN,NaN,NaN,NaN,NaN
en661,2',17-18-19-20',0.23,-0.414547150332169,0.473618754615968,0,0,NaN,NaN,NaN,NaN,0.886181594267041,0.154030234116275,0.776625579021332,0.168394978580831,NaN,NaN,NaN,NaN
en661,5',19-20-21-22',0.221402337708356,NaN,NaN,NaN,NaN,NaN,NaN,NaN,NaN,NaN,NaN,NaN,NaN,NaN,NaN,NaN,NaN
