cruise,cast,niskin,dilution,mu0_HL,mu0_std_HL,g_HL,g_std_HL,kNoN_HL,kNoN_std_HL,muN_HL,muN_std_HL,mu0_LL,mu0_std_LL,g_LL,g_std_LL,kNoN_LL,kNoN_std_LL,muN_LL,muN_std_LL,T3kNoN_LL
en661,1',17-18-19-20',0.21237492457409,0.0667581288338252,0.139404499770672,0,0,NaN,NaN,NaN,NaN,0.0847856019688418,0.0740031429289112,0,0,NaN,NaN,NaN,NaN,0
en661,10',10-11',0.287274399356248,NaN,NaN,NaN,NaN,NaN,NaN,NaN,NaN,0.0106628225339062,0.139319507271617,0,0,0.0106628225339062,0.139319507271617,0.330517273584379,0.17483303911282,0
en661,10',15-16',0.19527069654415,NaN,NaN,NaN,NaN,NaN,NaN,NaN,NaN,-0.024708918436016,0.25852968415684,0,0,NaN,NaN,NaN,NaN,0
en661,10',21-22-23',0.229606835728219,0.166443077475297,0.0556137957017391,-0.371772756166913,0.060369903276793,NaN,NaN,NaN,NaN,0.00412545810984225,0.125258075457082,-0.417309446725945,0.0979487308001082,NaN,NaN,NaN,NaN,0
en661,12',16-17-18-19',0.222950166822886,0.453314881970541,0.0733066748701675,0.465824535456428,0.05950878415656,NaN,NaN,NaN,NaN,0.518929575622553,0.0572389064399676,0.457865559455049,0.0709722745483015,NaN,NaN,NaN,NaN,0
en661,13',16-17',0.238222680533258,0.233064099475726,0.0773163003581744,0.228489244528704,0.0260490869633979,0.00457485494702254,0.0773163003581744,0,0,NaN,NaN,NaN,NaN,0,NaN,NaN,NaN,NaN
en661,2',17-18-19-20',0.23,0.0819120760813369,0.0979642192921704,0,0,NaN,NaN,NaN,NaN,0.145831278321552,0.10226012183283,0,0,NaN,NaN,NaN,NaN,0
en661,5',19-20-21-22',0.221402337708356,NaN,NaN,NaN,NaN,NaN,NaN,NaN,NaN,NaN,NaN,NaN,NaN,0,NaN,NaN,NaN,NaN
